Albany,ALB
Albuquerque,ABQ
Amarillo,AMA
Aruba,AUA
Atlanta,ATL
Austin,AUS
Baltimore/Washington,BWI
Belize City,BZE
Bellingham,BLI
Birmingham,BHM
Boise,BOI
Boston (Logan),BOS
Bozeman/Yellowstone,BZN
Buffalo/Niagara,BUF
Burbank,BUR
Cancun,CUN
Charleston,CHS
Charlotte,CLT
Chicago (Midway),MDW
Chicago - O'Hare,ORD
Cincinnati,CVG
Cleveland,CLE
Colorado Springs,COS
Columbus,CMH
Corpus Christi,CRP
Cozumel,CZM
Dallas (Love Field),DAL
Denver,DEN
Des Moines,DSM
Destin/Fort Walton Beach,VPS
Detroit,DTW
El Paso,ELP
Eugene,EUG
Fort Lauderdale,FLL
Fort Myers,RSW
Fresno,FAT
Grand Cayman,GCM
Grand Rapids,GRR
Greenville/Spartanburg,GSP
Harlingen,HRL
Hartford,BDL
Havana,HAV
Hilo (Hawaii Island),ITO
Honolulu (Oahu),HNL
Houston (Hobby),HOU
Houston BUSH,IAH
Indianapolis,IND
Jackson,JAN
Jacksonville,JAX
Kahului (Maui),OGG
Kansas City,MCI
Kona (Hawaii Island),KOA
Las Vegas,LAS
Liberia (Guanacaste),LIR
Lihue (Kauai),LIH
Little Rock,LIT
Long Beach,LGB
Long Island/Islip,ISP
Los Angeles,LAX
Los Cabos,SJD
Louisville,SDF
Lubbock,LBB
Manchester,MHT
Memphis,MEM
Miami,MIA
Midland/Odessa,MAF
Milwaukee,MKE
Minneapolis/St. Paul,MSP
Montego Bay,MBJ
Montrose (Telluride/Crested Butte),MTJ
Myrtle Beach,MYR
Nashville,BNA
Nassau,NAS
New Orleans,MSY
New York (LaGuardia),LGA
Norfolk,ORF
Oakland,OAK
Oklahoma City,OKC
Omaha,OMA
Ontario/LA,ONT
Orange County/Santa Ana,SNA
Orlando,MCO
Panama City Beach,ECP
Pensacola,PNS
Philadelphia,PHL
Phoenix,PHX
Pittsburgh,PIT
Portland,PWM
Portland,PDX
Providence,PVD
Providenciales,PLS
Puerto Vallarta,PVR
Punta Cana,PUJ
Raleigh/Durham,RDU
Reno/Tahoe,RNO
Richmond,RIC
Rochester,ROC
Sacramento,SMF
Salt Lake City,SLC
San Antonio,SAT
San Diego,SAN
San Francisco,SFO
San Jose CA,SJC
San Jose Costa Rica,SJO
San Juan,SJU
Santa Barbara,SBA
Sarasota/Bradenton,SRQ
Savannah/Hilton Head,SAV
Seattle/Tacoma,SEA
Spokane,GEG
St. Louis,STL
Steamboat Springs (Hayden),HDN
Syracuse,SYR
Tampa,TPA
Tucson,TUS
Tulsa,TUL
Washington (Dulles),IAD
Washington (Reagan National),DCA
West Palm Beach,PBI
Wichita,ICT